"featureID","DF","SpectrumID","Compound_Name","cas","compound_name","smiles"
"1062",0.955307262569832,"CCMSLIB00005883855","L-VALINE - 70.0 eV","72-18-4","L-VALINE - 70.0 eV","CC(C)[C@H](N)C(O)=O"
"1095",0.905027932960894,"CCMSLIB00005776263","Massbank:AU100806 Sulfamethazine|4-amino-N-(4,6-dimethylpyrimidin-2-yl)benzenesulfonamide","57-68-1","Massbank:AU100806 Sulfamethazine|4-amino-N-(4,6-dimethylpyrimidin-2-yl)benzenesulfonamide","CC1=CC(C)=NC(NS(=O)(=O)C2=CC=C(N)C=C2)=N1"
"1252",0.973929236499069,"CCMSLIB00005883948","D-TRYPTOPHAN - 50.0 eV","153-94-6","D-TRYPTOPHAN - 50.0 eV","N[C@H](CC1=CNC2=CC=CC=C12)C(O)=O"
"1265",0.970204841713222,"CCMSLIB00003137060","Spectral Match to L-Tryptophan from NIST14","73223","Spectral Match to L-Tryptophan from NIST14","N/A"
"1270",0.0893854748603352,"CCMSLIB00010101661","PE(22:6/0:0); [M+H]+ C27H45N1O7P1","N/A","PE(22:6/0:0); [M+H]+ C27H45N1O7P1","N/A"
"1286",0.916201117318436,"CCMSLIB00010113581","""3,4,5-Trimethoxyphenol CollisionEnergy:102040""","N/A","""3,4,5-Trimethoxyphenol CollisionEnergy:102040""","COc1cc(O)cc(OC)c1OC"
"1402",0.973929236499069,"CCMSLIB00003139757","Spectral Match to Pantothenic acid from NIST14","599542","Spectral Match to Pantothenic acid from NIST14","CC(C)(CO)[C@H](C(=O)NCCC(=O)O)O"
"1611",0.64804469273743,"CCMSLIB00006679640","ACETYL-CARNITINE","N/A","ACETYL-CARNITINE","CC(=O)O[C@H](CC(=O)[O-])C[N+](C)(C)C"
"1645",0.13780260707635,"CCMSLIB00003136557","Spectral Match to 1-(9Z-Octadecenoyl)-2-tetradecanoyl-sn-glycero-3-phosphocholine from NIST14","95896563","Spectral Match to 1-(9Z-Octadecenoyl)-2-tetradecanoyl-sn-glycero-3-phosphocholine from NIST14","CCCCCCCCCCCCCC(=O)O[C@H](COC(=O)CCCCCCC/C=C\CCCCCCCC)COP(=O)([O-])OCC[N+](C)(C)C"
"1747",0.973929236499069,"CCMSLIB00005883589","GLUTAMINE - 50.0 eV","56-85-9","GLUTAMINE - 50.0 eV","N[C@@H](CCC(N)=O)C(O)=O"
"1753",0.962756052141527,"CCMSLIB00003137324","Spectral Match to L-Carnitine from NIST14","541151","Spectral Match to L-Carnitine from NIST14","C[N+](C)(C)C[C@@H](CC(=O)[O-])O"
"1759",0.919925512104283,"CCMSLIB00005884163","L-HISTIDINE - 40.0 eV","5934-29-2","L-HISTIDINE - 40.0 eV","N[C@@H](CC1=CNC=N1)C(O)=O"
"1771",0.897579143389199,"CCMSLIB00003137085","Spectral Match to (-)-N-Acetylneuraminic acid from NIST14","131486","Spectral Match to (-)-N-Acetylneuraminic acid from NIST14","CC(=O)N[C@@H]1[C@H](C[C@](O[C@H]1[C@@H]([C@@H](CO)O)O)(C(=O)O)O)O.O"
"1782",0.985102420856611,"CCMSLIB00003140032","Spectral Match to Lyso-PC(16:0) from NIST14","17364168","Spectral Match to Lyso-PC(16:0) from NIST14","CCCCCCCCCCCCCCCC(=O)OC[C@H](COP(=O)([O-])OCC[N+](C)(C)C)O"
"1834",0.891992551210428,"CCMSLIB00004700319","(2R,3S,4S,5R,6S)-2-[(3,4,5-trihydroxyoxan-2-yl)oxymethyl]-6-(3,4,5-trimethoxyphenoxy)oxane-3,4,5-triol","N/A","(2R,3S,4S,5R,6S)-2-[(3,4,5-trihydroxyoxan-2-yl)oxymethyl]-6-(3,4,5-trimethoxyphenoxy)oxane-3,4,5-triol","N/A"
"1862",0.21415270018622,"CCMSLIB00003138795","Spectral Match to 1-Hexadecanoyl-2-octadecadienoyl-sn-glycero-3-phosphocholine from NIST14","130614061","Spectral Match to 1-Hexadecanoyl-2-octadecadienoyl-sn-glycero-3-phosphocholine from NIST14","N/A"
"1949",0.0391061452513966,"CCMSLIB00003135060","Spectral Match to 1-Octadecanoyl-2-octadecenoyl-sn-glycero-3-phosphocholine from NIST14","90242345","Spectral Match to 1-Octadecanoyl-2-octadecenoyl-sn-glycero-3-phosphocholine from NIST14","N/A"
"1978",0.00186219739292365,"CCMSLIB00003137500","Spectral Match to Cholesterol from NIST14","57885","Spectral Match to Cholesterol from NIST14","C[C@H](CCCC(C)C)[C@H]1CC[C@@H]2[C@@]1(CC[C@H]3[C@H]2CC=C4[C@@]3(CC[C@@H](C4)O)C)C"
"2008",0.0111731843575419,"CCMSLIB00006112531","N-[1,3-dihydroxyoctadec-4-en-2-yl]octadecanamide"," ","N-[1,3-dihydroxyoctadec-4-en-2-yl]octadecanamide",""
"2125",0.0111731843575419,"CCMSLIB00003136557","Spectral Match to 1-(9Z-Octadecenoyl)-2-tetradecanoyl-sn-glycero-3-phosphocholine from NIST14","95896563","Spectral Match to 1-(9Z-Octadecenoyl)-2-tetradecanoyl-sn-glycero-3-phosphocholine from NIST14","CCCCCCCCCCCCCC(=O)O[C@H](COC(=O)CCCCCCC/C=C\CCCCCCCC)COP(=O)([O-])OCC[N+](C)(C)C"
"2266",0.0167597765363128,"CCMSLIB00010061697","PE(P-16:0/20:4); [M+H]+ C41H75N1O7P1","N/A","PE(P-16:0/20:4); [M+H]+ C41H75N1O7P1","N/A"
"2508",0.156424581005587,"CCMSLIB00003136708","Spectral Match to 13-Docosenamide, (Z)- from NIST14","112845","Spectral Match to 13-Docosenamide, (Z)- from NIST14","CCCCCCCC/C=C\CCCCCCCCCCCC(=O)N"
"2572",0.972067039106145,"CCMSLIB00003137213","Spectral Match to L-Tyrosine from NIST14","60184","Spectral Match to L-Tyrosine from NIST14","C1=CC(=CC=C1C[C@@H](C(=O)O)N)O"
"2586",0.500931098696462,"CCMSLIB00003137665","Spectral Match to Lactulose from NIST14","4618182","Spectral Match to Lactulose from NIST14","C([C@@H]1[C@@H]([C@@H]([C@H]([C@@H](O1)O[C@@H]2[C@H](O[C@@]([C@H]2O)(CO)O)CO)O)O)O)O"
"2618",0.93854748603352,"CCMSLIB00005738598","Massbank:RP011001 Inosine|9-[(2R,3R,4S,5R)-3,4-dihydroxy-5-(hydroxymethyl)oxolan-2-yl]-3H-purin-6-one","58-63-9","Massbank:RP011001 Inosine|9-[(2R,3R,4S,5R)-3,4-dihydroxy-5-(hydroxymethyl)oxolan-2-yl]-3H-purin-6-one","OC[C@H]1O[C@H]([C@H](O)[C@@H]1O)N1C=NC2=C(O)N=CN=C12"
"3758",0.00931098696461825,"CCMSLIB00003137830","Spectral Match to Bis(2-ethylhexyl) phthalate from NIST14","117817","Spectral Match to Bis(2-ethylhexyl) phthalate from NIST14","CCCCC(CC)COC(=O)C1=CC=CC=C1C(=O)OCC(CC)CCCC"
"3763",0.0204841713221601,"CCMSLIB00003137830","Spectral Match to Bis(2-ethylhexyl) phthalate from NIST14","117817","Spectral Match to Bis(2-ethylhexyl) phthalate from NIST14","CCCCC(CC)COC(=O)C1=CC=CC=C1C(=O)OCC(CC)CCCC"
"4236",0.229050279329609,"CCMSLIB00003137830","Spectral Match to Bis(2-ethylhexyl) phthalate from NIST14","117817","Spectral Match to Bis(2-ethylhexyl) phthalate from NIST14","CCCCC(CC)COC(=O)C1=CC=CC=C1C(=O)OCC(CC)CCCC"
"4467",0.446927374301676,"CCMSLIB00010109081","DESMOSTEROL CollisionEnergy:102040","N/A","DESMOSTEROL CollisionEnergy:102040","CC(C)=CCCC(C)C1CCC2C3CC=C4CC(O)CCC4(C)C3CCC12C"
"4579",0.124767225325885,"CCMSLIB00003137830","Spectral Match to Bis(2-ethylhexyl) phthalate from NIST14","117817","Spectral Match to Bis(2-ethylhexyl) phthalate from NIST14","CCCCC(CC)COC(=O)C1=CC=CC=C1C(=O)OCC(CC)CCCC"
"4613",0.0856610800744879,"CCMSLIB00005776263","Massbank:AU100806 Sulfamethazine|4-amino-N-(4,6-dimethylpyrimidin-2-yl)benzenesulfonamide","57-68-1","Massbank:AU100806 Sulfamethazine|4-amino-N-(4,6-dimethylpyrimidin-2-yl)benzenesulfonamide","CC1=CC(C)=NC(NS(=O)(=O)C2=CC=C(N)C=C2)=N1"
"5016",0.00931098696461825,"CCMSLIB00003135060","Spectral Match to 1-Octadecanoyl-2-octadecenoyl-sn-glycero-3-phosphocholine from NIST14","90242345","Spectral Match to 1-Octadecanoyl-2-octadecenoyl-sn-glycero-3-phosphocholine from NIST14","N/A"
"5301",0.0242085661080074,"CCMSLIB00003136587","Spectral Match to 1-(9Z-Octadecenoyl)-2-tetradecanoyl-sn-glycero-3-phosphocholine from NIST14","95896563","Spectral Match to 1-(9Z-Octadecenoyl)-2-tetradecanoyl-sn-glycero-3-phosphocholine from NIST14","CCCCCCCCCCCCCC(=O)O[C@H](COC(=O)CCCCCCC/C=C\CCCCCCCC)COP(=O)([O-])OCC[N+](C)(C)C"
"5477",0.636871508379888,"CCMSLIB00003137830","Spectral Match to Bis(2-ethylhexyl) phthalate from NIST14","117817","Spectral Match to Bis(2-ethylhexyl) phthalate from NIST14","CCCCC(CC)COC(=O)C1=CC=CC=C1C(=O)OCC(CC)CCCC"
"5480",0.0167597765363128,"CCMSLIB00000077206","CocamidopropylBetaine","N/A","CocamidopropylBetaine","CCCCCCCCCCCC(=O)NCCC[N+](C)(C)CC(=O)[O-]"
"5528",0.0204841713221601,"CCMSLIB00003137830","Spectral Match to Bis(2-ethylhexyl) phthalate from NIST14","117817","Spectral Match to Bis(2-ethylhexyl) phthalate from NIST14","CCCCC(CC)COC(=O)C1=CC=CC=C1C(=O)OCC(CC)CCCC"
"5557",0.2756052141527,"CCMSLIB00003137830","Spectral Match to Bis(2-ethylhexyl) phthalate from NIST14","117817","Spectral Match to Bis(2-ethylhexyl) phthalate from NIST14","CCCCC(CC)COC(=O)C1=CC=CC=C1C(=O)OCC(CC)CCCC"
"5647",0.0614525139664804,"CCMSLIB00003136123","Spectral Match to 1-Stearoyl-2-myristoyl-sn-glycero-3-phosphocholine from NIST14","20664022","Spectral Match to 1-Stearoyl-2-myristoyl-sn-glycero-3-phosphocholine from NIST14","CCCCCCCCCCCCCCCCCC(=O)OC[C@H](COP(=O)([O-])OCC[N+](C)(C)C)OC(=O)CCCCCCCCCCCCC"
"5648",0.074487895716946,"CCMSLIB00003135060","Spectral Match to 1-Octadecanoyl-2-octadecenoyl-sn-glycero-3-phosphocholine from NIST14","90242345","Spectral Match to 1-Octadecanoyl-2-octadecenoyl-sn-glycero-3-phosphocholine from NIST14","N/A"
"5829",0.0167597765363128,"CCMSLIB00003135060","Spectral Match to 1-Octadecanoyl-2-octadecenoyl-sn-glycero-3-phosphocholine from NIST14","90242345","Spectral Match to 1-Octadecanoyl-2-octadecenoyl-sn-glycero-3-phosphocholine from NIST14","N/A"
"6082",0.348230912476723,"CCMSLIB00003135467","Spectral Match to 1,2-Dipentadecanoyl-sn-glycero-3-phosphocholine from NIST14","3355279","Spectral Match to 1,2-Dipentadecanoyl-sn-glycero-3-phosphocholine from NIST14","CCCCCCCCCCCCCCC(=O)OC[C@H](COP(=O)([O-])OCC[N+](C)(C)C)OC(=O)CCCCCCCCCCCCCC"
"6088",0.0353817504655493,"CCMSLIB00003138390","Spectral Match to 1-Hexadecanoyl-2-(9Z-octadecenoyl)-sn-glycero-3-phosphocholine from NIST14","26853316","Spectral Match to 1-Hexadecanoyl-2-(9Z-octadecenoyl)-sn-glycero-3-phosphocholine from NIST14","CCCCCCCCCCCCCCCC(=O)OC[C@H](COP(=O)([O-])OCC[N+](C)(C)C)OC(=O)CCCCCCC/C=C\CCCCCCCC"
"6104",0.0037243947858473,"CCMSLIB00003136557","Spectral Match to 1-(9Z-Octadecenoyl)-2-tetradecanoyl-sn-glycero-3-phosphocholine from NIST14","95896563","Spectral Match to 1-(9Z-Octadecenoyl)-2-tetradecanoyl-sn-glycero-3-phosphocholine from NIST14","CCCCCCCCCCCCCC(=O)O[C@H](COC(=O)CCCCCCC/C=C\CCCCCCCC)COP(=O)([O-])OCC[N+](C)(C)C"
"6120",0.0446927374301676,"CCMSLIB00000854835","NCGC00385962-01_C16H24O3_","n/a","NCGC00385962-01_C16H24O3_","CC1C\C=C\C=C/CCCCC(O)C\C=C\C(=O)O1"
"6121",0.00186219739292365,"CCMSLIB00003137830","Spectral Match to Bis(2-ethylhexyl) phthalate from NIST14","117817","Spectral Match to Bis(2-ethylhexyl) phthalate from NIST14","CCCCC(CC)COC(=O)C1=CC=CC=C1C(=O)OCC(CC)CCCC"
"6344",0.929236499068901,"CCMSLIB00003134722","Spectral Match to 9(10)-EpOME from NIST14","N/A","Spectral Match to 9(10)-EpOME from NIST14","CCCCC/C=C\CC1C(O1)CCCCCCCC(=O)O"
"6390",0.430167597765363,"CCMSLIB00003134732","Spectral Match to Palmitoyl ethanolamide from NIST14","544310","Spectral Match to Palmitoyl ethanolamide from NIST14","CCCCCCCCCCCCCCCC(=O)NCCO"
"6419",0.646182495344507,"CCMSLIB00010114577","(1R)-(-)-Nopol CollisionEnergy:102040","N/A","(1R)-(-)-Nopol CollisionEnergy:102040","CC1(C)C2CC=C(CCO)C1C2"
"6493",0.0130353817504655,"CCMSLIB00003136972","Spectral Match to 1-Hexadecyl-2-(9Z-octadecenoyl)-sn-glycero-3-phosphocholine from NIST14","95403342","Spectral Match to 1-Hexadecyl-2-(9Z-octadecenoyl)-sn-glycero-3-phosphocholine from NIST14","CCCCCCCCCCCCCCCCOC[C@H](COP(=O)([O-])OCC[N+](C)(C)C)OC(=O)CCCCCCC/C=C\CCCCCCCC"
"6518",0.292364990689013,"CCMSLIB00003137830","Spectral Match to Bis(2-ethylhexyl) phthalate from NIST14","117817","Spectral Match to Bis(2-ethylhexyl) phthalate from NIST14","CCCCC(CC)COC(=O)C1=CC=CC=C1C(=O)OCC(CC)CCCC"
"6683",0.635009310986965,"CCMSLIB00003138390","Spectral Match to 1-Hexadecanoyl-2-(9Z-octadecenoyl)-sn-glycero-3-phosphocholine from NIST14","26853316","Spectral Match to 1-Hexadecanoyl-2-(9Z-octadecenoyl)-sn-glycero-3-phosphocholine from NIST14","CCCCCCCCCCCCCCCC(=O)OC[C@H](COP(=O)([O-])OCC[N+](C)(C)C)OC(=O)CCCCCCC/C=C\CCCCCCCC"
"6706",0.0446927374301676,"CCMSLIB00003136587","Spectral Match to 1-(9Z-Octadecenoyl)-2-tetradecanoyl-sn-glycero-3-phosphocholine from NIST14","95896563","Spectral Match to 1-(9Z-Octadecenoyl)-2-tetradecanoyl-sn-glycero-3-phosphocholine from NIST14","CCCCCCCCCCCCCC(=O)O[C@H](COC(=O)CCCCCCC/C=C\CCCCCCCC)COP(=O)([O-])OCC[N+](C)(C)C"
"6716",0.130353817504655,"CCMSLIB00004701144","(2R,3S,4S,5R,6R)-2-[[(2S,3R,4R)-3,4-dihydroxy-4-(hydroxymethyl)oxolan-2-yl]oxymethyl]-6-[4-(4-hydroxyphenyl)butan-2-yloxy]oxane-3,4,5-triol","N/A","(2R,3S,4S,5R,6R)-2-[[(2S,3R,4R)-3,4-dihydroxy-4-(hydroxymethyl)oxolan-2-yl]oxymethyl]-6-[4-(4-hydroxyphenyl)butan-2-yloxy]oxane-3,4,5-triol","N/A"
"6718",0.968342644320298,"CCMSLIB00005884187","N-ACETYL-L-ASPARTIC ACID - 40.0 eV","997-55-7","N-ACETYL-L-ASPARTIC ACID - 40.0 eV","CC(=O)N[C@@H](CC(O)=O)C(O)=O"
"6725",0.86219739292365,"CCMSLIB00004711455","2-[(4-hydroxy-3,5-dimethoxyphenyl)methoxy]-6-(hydroxymethyl)oxane-3,4,5-triol","N/A","2-[(4-hydroxy-3,5-dimethoxyphenyl)methoxy]-6-(hydroxymethyl)oxane-3,4,5-triol","N/A"
"6732",0.297951582867784,"CCMSLIB00006124308","Raffinose - 40.0 eV","","Raffinose - 40.0 eV","C([C@@H]1[C@@H]([C@@H]([C@H]([C@H](O1)OC[C@@H]2[C@H]([C@@H]([C@H]([C@H](O2)O[C@]3([C@H]([C@@H]([C@H](O3)CO)O)O)CO)O)O)O)O)O)O)O"
"6738",0.970204841713222,"CCMSLIB00006682581","METHIONINE","N/A","METHIONINE","CSCC[C@@H](C(=O)O)N"
"6756",0.11731843575419,"CCMSLIB00010103022","Stachyose CollisionEnergy:102040","N/A","Stachyose CollisionEnergy:102040","OC[C@H]1O[C@@](CO)(O[C@H]2O[C@H](CO[C@H]3O[C@H](CO[C@H]4O[C@H](CO)[C@H](O)[C@H](O)[C@H]4O)[C@H](O)[C@H](O)[C@H]3O)[C@@H](O)[C@H](O)[C@H]2O)[C@@H](O)[C@@H]1O"
"6757",0.834264432029795,"CCMSLIB00005464443","GLUTATHIONE REDUCED","70-18-8","GLUTATHIONE REDUCED","N[C@@H](CCC(=O)N[C@@H](CS)C(=O)NCC(O)=O)C(O)=O"
"6768",0.227188081936685,"CCMSLIB00006679013","""1,6-ANHYDRO-B-GLUCOSE""","N/A","""1,6-ANHYDRO-B-GLUCOSE""","C1[C@@H]2[C@H]([C@@H]([C@H]([C@H](O1)O2)O)O)O"
"6770",0.968342644320298,"CCMSLIB00010103761","HARMANE CollisionEnergy:102040","N/A","HARMANE CollisionEnergy:102040","Cc1nccc2c1[nH]c1ccccc12"
"6774",0.605214152700186,"CCMSLIB00003136026","Spectral Match to 1-Stearoyl-2-hydroxy-sn-glycero-3-phosphoethanolamine from NIST14","69747553","Spectral Match to 1-Stearoyl-2-hydroxy-sn-glycero-3-phosphoethanolamine from NIST14","CCCCCCCCCCCCCCCCCC(=O)OC[C@H](COP(=O)([O-])OCC[NH3+])O"
"6778",0.348230912476723,"CCMSLIB00010083729","PE(P-16:0/22:6); [M+H]+ C43H75N1O7P1","N/A","PE(P-16:0/22:6); [M+H]+ C43H75N1O7P1","N/A"
"6806",0.914338919925512,"CCMSLIB00011436664","histamine-C23:1","N/A","histamine-C23:1","O=C(NCCC1=NC=CN1)CCCCCCCCCCCCC=CCCCCCCCC"
"6814",0.940409683426443,"CCMSLIB00010103762","HARMANE CollisionEnergy:102040","N/A","HARMANE CollisionEnergy:102040","Cc1nccc2c1[nH]c1ccccc12"
"6821",0.925512104283054,"CCMSLIB00003139075","Spectral Match to 1-Stearoyl-2-hydroxy-sn-glycero-3-phosphocholine from NIST14","19420576","Spectral Match to 1-Stearoyl-2-hydroxy-sn-glycero-3-phosphocholine from NIST14","CCCCCCCCCCCCCCCCCC(=O)OC[C@H](COP(=O)([O-])OCC[N+](C)(C)C)O"
"6822",0.743016759776536,"CCMSLIB00003135969","Spectral Match to Azelaic acid from NIST14","123999","Spectral Match to Azelaic acid from NIST14","C(CCCC(=O)O)CCCC(=O)O"
"6836",0.391061452513966,"CCMSLIB00003134777","Spectral Match to 1-(9Z-Octadecenoyl)-sn-glycero-3-phosphoethanolamine from NIST14","89576294","Spectral Match to 1-(9Z-Octadecenoyl)-sn-glycero-3-phosphoethanolamine from NIST14","CCCCCCCC/C=C\CCCCCCCC(=O)OC[C@H](COP(=O)(O)OCCN)O"
"6843",0.931098696461825,"CCMSLIB00005732360","Massbank:EQ331203 Gabapentin Related Compound E|1-(carboxymethyl)cyclohexanecarboxylic acid|1-(carboxymethyl)cyclohexane-1-carboxylic acid","67950-95-2","Massbank:EQ331203 Gabapentin Related Compound E|1-(carboxymethyl)cyclohexanecarboxylic acid|1-(carboxymethyl)cyclohexane-1-carboxylic acid","C1CC[C@@](CC1)(C(=O)O)CC(=O)O"
"6867",0.960893854748603,"CCMSLIB00006581630","spermidine","N/A","spermidine","NCCCCNCCCN"
"6889",0.94413407821229,"CCMSLIB00005732360","Massbank:EQ331203 Gabapentin Related Compound E|1-(carboxymethyl)cyclohexanecarboxylic acid|1-(carboxymethyl)cyclohexane-1-carboxylic acid","67950-95-2","Massbank:EQ331203 Gabapentin Related Compound E|1-(carboxymethyl)cyclohexanecarboxylic acid|1-(carboxymethyl)cyclohexane-1-carboxylic acid","C1CC[C@@](CC1)(C(=O)O)CC(=O)O"
"6898",0.783985102420857,"CCMSLIB00003134777","Spectral Match to 1-(9Z-Octadecenoyl)-sn-glycero-3-phosphoethanolamine from NIST14","89576294","Spectral Match to 1-(9Z-Octadecenoyl)-sn-glycero-3-phosphoethanolamine from NIST14","CCCCCCCC/C=C\CCCCCCCC(=O)OC[C@H](COP(=O)(O)OCCN)O"
"6910",0.711359404096834,"CCMSLIB00003139580","Spectral Match to Val-Leu from NIST14","3989977","Spectral Match to Val-Leu from NIST14","CC(C)C[C@@H](C(=O)O)NC(=O)[C@H](C(C)C)N"
"6952",0.48975791433892,"CCMSLIB00003139078","Spectral Match to Ser-Leu from NIST14","6665163","Spectral Match to Ser-Leu from NIST14","CC(C)C[C@@H](C(=O)O)NC(=O)[C@H](CO)N"
"6987",0.299813780260708,"CCMSLIB00003136657","Spectral Match to Glu-Val from NIST14","N/A","Spectral Match to Glu-Val from NIST14","CC(C)[C@@H](C(=O)O)NC(=O)[C@H](CCC(=O)O)N"
"6988",0.932960893854749,"CCMSLIB00003137868","Spectral Match to 13-Keto-9Z,11E-octadecadienoic acid from NIST14","54739309","Spectral Match to 13-Keto-9Z,11E-octadecadienoic acid from NIST14","CCCCCC(=O)/C=C/C=C\CCCCCCCC(=O)O"
"7007",0.169459962756052,"CCMSLIB00003137123","Spectral Match to Val-Phe from NIST14","N/A","Spectral Match to Val-Phe from NIST14","CC(C)[C@@H](C(=O)N[C@@H](CC1=CC=CC=C1)C(=O)O)N"
"7023",0.335195530726257,"CCMSLIB00006581914","3-hydroxybutyrylcarnitine","N/A","3-hydroxybutyrylcarnitine","CC(O)CC(=O)OC(CC([O-])=O)C[N+](C)(C)C"
"7029",0.333333333333333,"CCMSLIB00000848636","NCGC00385223-01!(2R,3S)-7-[(2S,3R,4R)-3,4-dihydroxy-4-(hydroxymethyl)oxolan-2-yl]oxy-2-(3,4-dihydroxyphenyl)-3,4-dihydro-2H-chromene-3,5-diol","n/a","NCGC00385223-01!(2R,3S)-7-[(2S,3R,4R)-3,4-dihydroxy-4-(hydroxymethyl)oxolan-2-yl]oxy-2-(3,4-dihydroxyphenyl)-3,4-dihydro-2H-chromene-3,5-diol","OC[C@@]1(O)CO[C@@H](OC2=CC(O)=C3C[C@H](O)[C@H](OC3=C2)C4=CC(O)=C(O)C=C4)[C@@H]1O"
"7056",0.37243947858473,"CCMSLIB00003140084","Spectral Match to Thr-Leu from NIST14","50299122","Spectral Match to Thr-Leu from NIST14","C[C@H]([C@@H](C(=O)N[C@@H](CC(C)C)C(=O)O)N)O"
"7121",0.417132216014898,"CCMSLIB00003135017","Spectral Match to Thr-Phe from NIST14","16875277","Spectral Match to Thr-Phe from NIST14","C[C@H]([C@@H](C(=O)N[C@@H](CC1=CC=CC=C1)C(=O)O)N)O"
"7131",0.936685288640596,"CCMSLIB00003140162","Spectral Match to Stearidonic acid from NIST14","20290759","Spectral Match to Stearidonic acid from NIST14","CC/C=C\C/C=C\C/C=C\C/C=C\CCCCC(=O)O"
"7137",0.225325884543762,"CCMSLIB00011430130","(-)-epicatechin","490-46-0","(-)-epicatechin","C1[C@H]([C@H](OC2=CC(=CC(=C21)O)O)C3=CC(=C(C=C3)O)O)O"
"7189",0.0875232774674116,"CCMSLIB00003138480","Spectral Match to Val-Met from NIST14","N/A","Spectral Match to Val-Met from NIST14","CC(C)C(C(=O)NC(CCSC)C(=O)O)N"
"7214",0.696461824953445,"CCMSLIB00005885050","Butyrylcarnitine - 30.00 eV","25576-40-3","Butyrylcarnitine - 30.00 eV","CCCC(=O)O[C@H](CC([O-])=O)C[N+](C)(C)C"
"7236",0.461824953445065,"CCMSLIB00003138137","Spectral Match to Ser-Phe from NIST14","N/A","Spectral Match to Ser-Phe from NIST14","C1=CC=C(C=C1)C[C@@H](C(=O)O)NC(=O)[C@H](CO)N"
"7269",0.0763500931098696,"CCMSLIB00005776039","Massbank:AU150006 Sertraline|(1S,4S)-4-(3,4-dichlorophenyl)-N-methyl-1,2,3,4-tetrahydronaphthalen-1-amine","79559-97-0","Massbank:AU150006 Sertraline|(1S,4S)-4-(3,4-dichlorophenyl)-N-methyl-1,2,3,4-tetrahydronaphthalen-1-amine","CN[C@H]1CC[C@@H](C2=CC=C(Cl)C(Cl)=C2)C2=CC=CC=C12"
"7278",0.947858472998138,"CCMSLIB00003134510","Spectral Match to 1-Hexadecanoyl-sn-glycero-3-phosphocholine from NIST14","N/A","Spectral Match to 1-Hexadecanoyl-sn-glycero-3-phosphocholine from NIST14","CCCCCCCCCCCCCCCC(=O)OC[C@H](COP(=O)([O-])OCC[N+](C)(C)C)O"
"7281",0.869646182495345,"CCMSLIB00003134506","Spectral Match to 8S-Hydroxy-9E,11Z,14Z-eicosatrienoic acid from NIST14","889573697","Spectral Match to 8S-Hydroxy-9E,11Z,14Z-eicosatrienoic acid from NIST14","CCCCC/C=C\C/C=C\C=C\[C@H](CCCCCCC(=O)O)O"
"7296",0.769087523277467,"CCMSLIB00003134863","Spectral Match to cis-5,8,11-Eicosatrienoic acid from NIST14","20590323","Spectral Match to cis-5,8,11-Eicosatrienoic acid from NIST14","CCCCCCCC/C=C\C/C=C\C/C=C\CCCC(=O)O"
"7320",0.499068901303538,"CCMSLIB00010107223","azelaic acid CollisionEnergy:102040","N/A","azelaic acid CollisionEnergy:102040","O=C(O)CCCCCCCC(=O)O"
"7326",0.370577281191806,"CCMSLIB00003135465","Spectral Match to 1-Stearoyl-2-hydroxy-sn-glycero-3-phosphocholine from NIST14","19420576","Spectral Match to 1-Stearoyl-2-hydroxy-sn-glycero-3-phosphocholine from NIST14","CCCCCCCCCCCCCCCCCC(=O)OC[C@H](COP(=O)([O-])OCC[N+](C)(C)C)O"
"7335",0.210428305400372,"CCMSLIB00003137783","Spectral Match to L-Tyrosine from NIST14","60184","Spectral Match to L-Tyrosine from NIST14","N/A"
"7353",0.68901303538175,"CCMSLIB00004694496","Spermine","N/A","Spermine","N/A"
"7382",0.715083798882682,"CCMSLIB00010113581","""3,4,5-Trimethoxyphenol CollisionEnergy:102040""","N/A","""3,4,5-Trimethoxyphenol CollisionEnergy:102040""","COc1cc(O)cc(OC)c1OC"
"7383",0.936685288640596,"CCMSLIB00003137753","Spectral Match to Asp-Leu from NIST14","N/A","Spectral Match to Asp-Leu from NIST14","CC(C)C[C@@H](C(=O)O)NC(=O)[C@H](CC(=O)O)N"
"7394",0.733705772811918,"CCMSLIB00006678147","Lyso PC (16:1)","N/A","Lyso PC (16:1)","N/A"
"7400",0.184357541899441,"CCMSLIB00010082009","PC(22:4/0:0); [M+H]+ C30H55N1O7P1","N/A","PC(22:4/0:0); [M+H]+ C30H55N1O7P1","N/A"
"7401",0.37243947858473,"CCMSLIB00003136056","Spectral Match to 1-Palmitoyl-2-hydroxy-sn-glycero-3-phosphoethanolamine from NIST14","53862354","Spectral Match to 1-Palmitoyl-2-hydroxy-sn-glycero-3-phosphoethanolamine from NIST14","CCCCCCCCCCCCCCCC(=O)OC[C@H](COP(=O)(O)OCCN)O"
"7404",0.951582867783985,"CCMSLIB00003137772","Spectral Match to L-Methionine, N-acetyl- from NIST14","65827","Spectral Match to L-Methionine, N-acetyl- from NIST14","CC(=O)N[C@@H](CCSC)C(=O)O"
"7420",0.534450651769088,"CCMSLIB00003139806","Spectral Match to Oleoyl L-carnitine from NIST14","13962055","Spectral Match to Oleoyl L-carnitine from NIST14","CCCCCCCC/C=C\CCCCCCCC(=O)O[C@H](CC(=O)[O-])C[N+](C)(C)C"
"7433",0.381750465549348,"CCMSLIB00004718430","Kynurenine","N/A","Kynurenine","N/A"
"7469",0.309124767225326,"CCMSLIB00003134601","Spectral Match to L-.gamma.-Glutamyl-L-glutamic Acid from NIST14","1116229","Spectral Match to L-.gamma.-Glutamyl-L-glutamic Acid from NIST14","N/A"
"7471",0.789571694599628,"CCMSLIB00003136156","Spectral Match to Pro-Ile from NIST14","N/A","Spectral Match to Pro-Ile from NIST14","CC[C@H](C)[C@@H](C(=O)O)NC(=O)[C@@H]1CCCN1"
"7510",0.873370577281192,"CCMSLIB00003138558","Spectral Match to .alpha.-L-Asp-L-Phe from NIST14","13433095","Spectral Match to .alpha.-L-Asp-L-Phe from NIST14","C1=CC=C(C=C1)CC(C(=O)O)NC(=O)C(CC(=O)O)N"
"7525",0.143389199255121,"CCMSLIB00003136982","Spectral Match to Xanthosine from NIST14","146805","Spectral Match to Xanthosine from NIST14","C1=NC2=C(N1[C@H]3[C@@H]([C@@H]([C@H](O3)CO)O)O)NC(=O)NC2=O"
"7543",0.839851024208566,"CCMSLIB00005775343","Massbank:AU406506 3,6,9,12-Tetraoxatetracosan-1-ol|Tetraethylene glycol monododecyl ether|2-[2-[2-(2-dodecoxyethoxy)ethoxy]ethoxy]ethanol","5274-68-0","Massbank:AU406506 3,6,9,12-Tetraoxatetracosan-1-ol|Tetraethylene glycol monododecyl ether|2-[2-[2-(2-dodecoxyethoxy)ethoxy]ethoxy]ethanol","CCCCCCCCCCCCOCCOCCOCCOCCO"
"7544",0.852886405959032,"CCMSLIB00005885045","Propionylcarnitine - 40.00 eV","17298-37-2","Propionylcarnitine - 40.00 eV","CCC(=O)O[C@H](CC(O)=O)C[N+](C)(C)C"
"7555",0.657355679702048,"CCMSLIB00010109926","SYRINGALDEHYDE CollisionEnergy:102040","N/A","SYRINGALDEHYDE CollisionEnergy:102040","COc1cc(C=O)cc(OC)c1O"
"7556",0.769087523277467,"CCMSLIB00005883731","METHYLTHIOADENOSINE - 30.0 eV","2457-80-9","METHYLTHIOADENOSINE - 30.0 eV","CSC[C@H]1O[C@H]([C@H](O)[C@@H]1O)N1C=NC2=C1N=CN=C2N"
"7575",0.031657355679702,"CCMSLIB00006679329","ATENOLOL","N/A","ATENOLOL","CC(C)NCC(COC1=CC=C(C=C1)CC(=N)O)O"
"7596",0.707635009310987,"CCMSLIB00003137620","Spectral Match to Gly-Phe from NIST14","N/A","Spectral Match to Gly-Phe from NIST14","C1=CC=C(C=C1)C[C@@H](C(=O)O)NC(=O)CN"
"7600",0.361266294227188,"CCMSLIB00006680039","PHENYLACETYL-GLUTAMINE","N/A","PHENYLACETYL-GLUTAMINE","C1=CC=C(C=C1)C/C(=N/[C@@H](CCC(=N)O)C(=O)O)/O"
"7747",0.288640595903166,"CCMSLIB00010096769","PC(22:6/0:0); [M+H]+ C30H51N1O7P1","N/A","PC(22:6/0:0); [M+H]+ C30H51N1O7P1","N/A"
"7772",0.677839851024209,"CCMSLIB00003134510","Spectral Match to 1-Hexadecanoyl-sn-glycero-3-phosphocholine from NIST14","N/A","Spectral Match to 1-Hexadecanoyl-sn-glycero-3-phosphocholine from NIST14","CCCCCCCCCCCCCCCC(=O)OC[C@H](COP(=O)([O-])OCC[N+](C)(C)C)O"
"7791",0.0502793296089385,"CCMSLIB00006116752","Amiodarone - 40.0 eV","","Amiodarone - 40.0 eV","CCCCc1c(c2ccccc2o1)C(=O)c3cc(c(c(c3)I)OCCN(CC)CC)I"
"7819",0.204841713221601,"CCMSLIB00003136587","Spectral Match to 1-(9Z-Octadecenoyl)-2-tetradecanoyl-sn-glycero-3-phosphocholine from NIST14","95896563","Spectral Match to 1-(9Z-Octadecenoyl)-2-tetradecanoyl-sn-glycero-3-phosphocholine from NIST14","CCCCCCCCCCCCCC(=O)O[C@H](COC(=O)CCCCCCC/C=C\CCCCCCCC)COP(=O)([O-])OCC[N+](C)(C)C"
"7823",0.0558659217877095,"CCMSLIB00003134668","Spectral Match to 13-Keto-9Z,11E-octadecadienoic acid from NIST14","54739309","Spectral Match to 13-Keto-9Z,11E-octadecadienoic acid from NIST14","CCCCCC(=O)/C=C/C=C\CCCCCCCC(=O)O"
"7830",0.378026070763501,"CCMSLIB00000848246","NCGC00381248-01!4-oxododecanedioic acid","n/a","NCGC00381248-01!4-oxododecanedioic acid","OC(=O)CCCCCCCC(=O)CCC(O)=O"
"7875",0.165735567970205,"CCMSLIB00003136557","Spectral Match to 1-(9Z-Octadecenoyl)-2-tetradecanoyl-sn-glycero-3-phosphocholine from NIST14","95896563","Spectral Match to 1-(9Z-Octadecenoyl)-2-tetradecanoyl-sn-glycero-3-phosphocholine from NIST14","CCCCCCCCCCCCCC(=O)O[C@H](COC(=O)CCCCCCC/C=C\CCCCCCCC)COP(=O)([O-])OCC[N+](C)(C)C"
"7957",0.845437616387337,"CCMSLIB00005467722","Succinoadenosine"," ","Succinoadenosine",""
"8025",0.364990689013035,"CCMSLIB00000847220","NCGC00169670-02!(2S,3R,4S,5S,6R)-2-[4-[(3S,3aR,6S,6aR)-3-(4-hydroxy-3,5-dimethoxyphenyl)-1,3,3a,4,6,6a-hexahydrofuro[3,4-c]furan-6-yl]-2,6-dimethoxyphenoxy]-6-(hydroxymethyl)oxane-3,4,5-triol","n/a","NCGC00169670-02!(2S,3R,4S,5S,6R)-2-[4-[(3S,3aR,6S,6aR)-3-(4-hydroxy-3,5-dimethoxyphenyl)-1,3,3a,4,6,6a-hexahydrofuro[3,4-c]furan-6-yl]-2,6-dimethoxyphenoxy]-6-(hydroxymethyl)oxane-3,4,5-triol","COC1=CC(=CC(OC)=C1O)[C@H]2OC[C@H]3[C@@H]2CO[C@@H]3C4=CC(OC)=C(O[C@@H]5O[C@H](CO)[C@@H](O)[C@H](O)[C@H]5O)C(OC)=C4"
"8042",0.0484171322160149,"CCMSLIB00010103189","Sphingomyelin (d18:1/18:0) CollisionEnergy:102040","N/A","Sphingomyelin (d18:1/18:0) CollisionEnergy:102040","CCCCCCCCCCCCC/C=C/[C@@H](O)[C@H](COP(=O)(O)OCC[N+](C)(C)C)N=C(O)CCCCCCCCCCCCCCCCC"
"8071",0.111731843575419,"CCMSLIB00006581927","O-arachidonoylcarnitine","N/A","O-arachidonoylcarnitine","CCCCC\C=C/C\C=C/C\C=C/C\C=C/CCCC(=O)OC(CC([O-])=O)C[N+](C)(C)C"
"8102",0.642458100558659,"CCMSLIB00003137109","Spectral Match to 24S-Hydroxycholesterol from NIST14","474737","Spectral Match to 24S-Hydroxycholesterol from NIST14","C[C@H](CC[C@@H](C(C)C)O)[C@H]1CC[C@@H]2[C@@]1(CC[C@H]3[C@H]2CC=C4[C@@]3(CC[C@@H](C4)O)C)C"
"8125",0.659217877094972,"CCMSLIB00005723432","Phenylalanine methyl ester","N/A","Phenylalanine methyl ester","COC(=O)C(N)Cc1ccccc1"
"8148",0.0223463687150838,"CCMSLIB00003138898","Spectral Match to Phe-Ile-Lys from NIST14","N/A","Spectral Match to Phe-Ile-Lys from NIST14","CC[C@H](C)[C@@H](C(=O)N[C@@H](CCCCN)C(=O)O)NC(=O)[C@H](CC1=CC=CC=C1)N"
"8162",0.126629422718808,"CCMSLIB00003139185","Spectral Match to .omega.-3 Arachidonic acid ethyl ester from NIST14","123940932","Spectral Match to .omega.-3 Arachidonic acid ethyl ester from NIST14","CC/C=C\C/C=C\C/C=C\C/C=C\CCCCCCC(=O)OCC"
"8173",0.236499068901304,"CCMSLIB00003137830","Spectral Match to Bis(2-ethylhexyl) phthalate from NIST14","117817","Spectral Match to Bis(2-ethylhexyl) phthalate from NIST14","CCCCC(CC)COC(=O)C1=CC=CC=C1C(=O)OCC(CC)CCCC"
"8177",0.210428305400372,"CCMSLIB00010122567","Trp-gly CollisionEnergy:205060","N/A","Trp-gly CollisionEnergy:205060","NC(Cc1c[nH]c2ccccc12)C(O)=NCC(=O)O"
"8192",0.0204841713221601,"CCMSLIB00003137109","Spectral Match to 24S-Hydroxycholesterol from NIST14","474737","Spectral Match to 24S-Hydroxycholesterol from NIST14","C[C@H](CC[C@@H](C(C)C)O)[C@H]1CC[C@@H]2[C@@]1(CC[C@H]3[C@H]2CC=C4[C@@]3(CC[C@@H](C4)O)C)C"
"8298",0.0540037243947858,"CCMSLIB00000855127","NCGC00385412-01_C21H32O10_2,4-Pentadienoic acid, 5-[(1R,3S,5R,8S)-3-(beta-D-glucopyranosyloxy)-8-hydroxy-1,5-dimethyl-6-oxabicyclo[3.2.1]oct-8-yl]-3-methyl-, (2Z,4E)-","n/a","NCGC00385412-01_C21H32O10_2,4-Pentadienoic acid, 5-[(1R,3S,5R,8S)-3-(beta-D-glucopyranosyloxy)-8-hydroxy-1,5-dimethyl-6-oxabicyclo[3.2.1]oct-8-yl]-3-methyl-, (2Z,4E)-","CC(/C=C/[C@]1(O)[C@@]2(C)CO[C@]1(C)C[C@@H](C2)O[C@@H]3O[C@H](CO)[C@@H](O)[C@H](O)[C@H]3O)=C/C(O)=O"
"8304",0.167597765363128,"CCMSLIB00004700319","(2R,3S,4S,5R,6S)-2-[(3,4,5-trihydroxyoxan-2-yl)oxymethyl]-6-(3,4,5-trimethoxyphenoxy)oxane-3,4,5-triol","N/A","(2R,3S,4S,5R,6S)-2-[(3,4,5-trihydroxyoxan-2-yl)oxymethyl]-6-(3,4,5-trimethoxyphenoxy)oxane-3,4,5-triol","N/A"
"8319",0.0037243947858473,"CCMSLIB00003137830","Spectral Match to Bis(2-ethylhexyl) phthalate from NIST14","117817","Spectral Match to Bis(2-ethylhexyl) phthalate from NIST14","CCCCC(CC)COC(=O)C1=CC=CC=C1C(=O)OCC(CC)CCCC"
"8321",0.324022346368715,"CCMSLIB00010125209","Vanillylmandelic acid CollisionEnergy:205060","N/A","Vanillylmandelic acid CollisionEnergy:205060","COc1cc(C(O)C(=O)O)ccc1O"
"8322",0.216014897579143,"CCMSLIB00003137830","Spectral Match to Bis(2-ethylhexyl) phthalate from NIST14","117817","Spectral Match to Bis(2-ethylhexyl) phthalate from NIST14","CCCCC(CC)COC(=O)C1=CC=CC=C1C(=O)OCC(CC)CCCC"
"8422",0.251396648044693,"CCMSLIB00005884661","3-METHOXY-L-TYROSINE - 40.0 eV","300-48-1","3-METHOXY-L-TYROSINE - 40.0 eV","COC1=CC(CC(N)C(O)=O)=CC=C1O"
"8491",0.126629422718808,"CCMSLIB00010125209","Vanillylmandelic acid CollisionEnergy:205060","N/A","Vanillylmandelic acid CollisionEnergy:205060","COc1cc(C(O)C(=O)O)ccc1O"
"8561",0.305400372439479,"CCMSLIB00003138752","Spectral Match to Val-Val from NIST14","3918943","Spectral Match to Val-Val from NIST14","CC(C)[C@@H](C(=O)N[C@@H](C(C)C)C(=O)O)N"
"8651",0.268156424581006,"CCMSLIB00003139461","Spectral Match to Arg-Phe from NIST14","N/A","Spectral Match to Arg-Phe from NIST14","C1=CC=C(C=C1)C[C@@H](C(=O)O)NC(=O)[C@H](CCCN=C(N)N)N"
"8668",0.068901303538175,"CCMSLIB00005755115","Massbank:TUE00532 Metoprolol","N/A","Massbank:TUE00532 Metoprolol","CC(C)NCC(COc1ccc(cc1)CCOC)O"
"8670",0.625698324022346,"CCMSLIB00003137719","Spectral Match to Leu-Gly from NIST14","686500","Spectral Match to Leu-Gly from NIST14","CC(C)C[C@@H](C(=O)NCC(=O)O)N"
"8684",0.318435754189944,"CCMSLIB00003140066","Spectral Match to Arg-Ile from NIST14","N/A","Spectral Match to Arg-Ile from NIST14","CC[C@H](C)[C@@H](C(=O)O)NC(=O)[C@H](CCCN=C(N)N)N"
"8687",0.210428305400372,"CCMSLIB00003137830","Spectral Match to Bis(2-ethylhexyl) phthalate from NIST14","117817","Spectral Match to Bis(2-ethylhexyl) phthalate from NIST14","CCCCC(CC)COC(=O)C1=CC=CC=C1C(=O)OCC(CC)CCCC"
"8777",0.398510242085661,"CCMSLIB00006679922","OPHTHALMIC ACID","N/A","OPHTHALMIC ACID","CC[C@@H](/C(=N/CC(=O)O)/O)/N=C(/CC[C@@H](C(=O)O)N)\O"
"8829",0.37243947858473,"CCMSLIB00003139981","Spectral Match to 15-HEDE from NIST14","77159570","Spectral Match to 15-HEDE from NIST14","CCCCCC(/C=C/C=C\CCCCCCCCCC(=O)O)O"
"8881",0.111731843575419,"CCMSLIB00003136028","Spectral Match to 1-Eicosatrienoyl-sn-glycero-3-phosphoethanolamine from NIST14","N/A","Spectral Match to 1-Eicosatrienoyl-sn-glycero-3-phosphoethanolamine from NIST14","N/A"
"8915",0.420856610800745,"CCMSLIB00003135381","Spectral Match to Asn-Phe from NIST14","N/A","Spectral Match to Asn-Phe from NIST14","C1=CC=C(C=C1)CC(C(=O)O)NC(=O)C(CC(=O)N)N"
"8936",0.277467411545624,"CCMSLIB00005723440","Tyrosine methyl ester","N/A","Tyrosine methyl ester","COC(=O)C(N)Cc1ccc(O)cc1"
"8977",0.0782122905027933,"CCMSLIB00010103762","HARMANE CollisionEnergy:102040","N/A","HARMANE CollisionEnergy:102040","Cc1nccc2c1[nH]c1ccccc12"
"9052",0.0558659217877095,"CCMSLIB00005772827","Massbank:AU151306 Citalopram|1-[3-(dimethylamino)propyl]-1-(4-fluorophenyl)-3H-2-benzofuran-5-carbonitrile","59729-33-8","Massbank:AU151306 Citalopram|1-[3-(dimethylamino)propyl]-1-(4-fluorophenyl)-3H-2-benzofuran-5-carbonitrile","CN(C)CCCC1(OCC2=CC(=CC=C12)C#N)C1=CC=C(F)C=C1"
"9056",0.171322160148976,"CCMSLIB00003139983","Spectral Match to Leu-Leu from NIST14","3303319","Spectral Match to Leu-Leu from NIST14","CC(C)C[C@@H](C(=O)N[C@@H](CC(C)C)C(=O)O)N"
"9080",0.208566108007449,"CCMSLIB00005744119","Massbank:PR302321 Sinapoyl aldehyde","N/A","Massbank:PR302321 Sinapoyl aldehyde","COC1=CC(\C=C\C=O)=CC(OC)=C1O"
"9084",0.337057728119181,"CCMSLIB00003135895","Spectral Match to Tyr-Leu from NIST14","N/A","Spectral Match to Tyr-Leu from NIST14","CC(C)C[C@@H](C(=O)O)NC(=O)[C@H](CC1=CC=C(C=C1)O)N"
"9104",0.249534450651769,"CCMSLIB00005738093","Massbank:RP016502 Ala-Phe|(2S)-2-[[(2S)-2-azaniumylpropanoyl]amino]-3-phenylpropanoate","3061-90-3","Massbank:RP016502 Ala-Phe|(2S)-2-[[(2S)-2-azaniumylpropanoyl]amino]-3-phenylpropanoate","C[C@H](N)C(=O)N[C@@H](Cc1ccccc1)C(O)=O"
"9107",0.31657355679702,"CCMSLIB00003134805","Spectral Match to Leu-Val from NIST14","13588959","Spectral Match to Leu-Val from NIST14","CC(C)C[C@@H](C(=O)N[C@@H](C(C)C)C(=O)O)N"
"9150",0.122905027932961,"CCMSLIB00003139611","Spectral Match to Met-Leu from NIST14","N/A","Spectral Match to Met-Leu from NIST14","CC(C)C[C@@H](C(=O)O)NC(=O)[C@H](CCSC)N"
"9152",0.132216014897579,"CCMSLIB00003137604","Spectral Match to Tyr-Val from NIST14","N/A","Spectral Match to Tyr-Val from NIST14","CC(C)[C@@H](C(=O)O)NC(=O)[C@H](CC1=CC=C(C=C1)O)N"
"9263",0.150837988826816,"CCMSLIB00003138557","Spectral Match to Glu-Phe from NIST14","N/A","Spectral Match to Glu-Phe from NIST14","C1=CC=C(C=C1)C[C@@H](C(=O)O)NC(=O)[C@H](CCC(=O)O)N"
"9325",0.0484171322160149,"CCMSLIB00003138032","Spectral Match to Ser-Leu from NIST14","6665163","Spectral Match to Ser-Leu from NIST14","CC(C)C[C@@H](C(=O)O)NC(=O)[C@H](CO)N"
"9513",0.0446927374301676,"CCMSLIB00003137982","Spectral Match to Leu-Phe from NIST14","N/A","Spectral Match to Leu-Phe from NIST14","CC(C)C[C@@H](C(=O)N[C@@H](CC1=CC=CC=C1)C(=O)O)N"
"9514",0.124767225325885,"CCMSLIB00003135674","Spectral Match to Lys-Ile from NIST14","N/A","Spectral Match to Lys-Ile from NIST14","CC[C@H](C)[C@@H](C(=O)O)NC(=O)[C@H](CCCCN)N"
"9515",0.0595903165735568,"CCMSLIB00003136697","Spectral Match to Phe-Ile from NIST14","N/A","Spectral Match to Phe-Ile from NIST14","CC[C@H](C)[C@@H](C(=O)O)NC(=O)[C@H](CC1=CC=CC=C1)N"
"9518",0.0186219739292365,"CCMSLIB00010103762","HARMANE CollisionEnergy:102040","N/A","HARMANE CollisionEnergy:102040","Cc1nccc2c1[nH]c1ccccc12"
"9647",0.0726256983240224,"CCMSLIB00010122949","Dexpanthenol CollisionEnergy:205060","N/A","Dexpanthenol CollisionEnergy:205060","CC(C)(CO)C(O)C(O)=NCCCO"
"9668",0.0502793296089385,"CCMSLIB00003140179","Spectral Match to Trp-Glu from NIST14","N/A","Spectral Match to Trp-Glu from NIST14","C1=CC=C2C(=C1)C(=CN2)C[C@@H](C(=O)N[C@@H](CCC(=O)O)C(=O)O)N"
"9786",0.132216014897579,"CCMSLIB00006581934","O-3-methylglutarylcarnitine","N/A","O-3-methylglutarylcarnitine","CC(CC(O)=O)CC(=O)OC(CC([O-])=O)C[N+](C)(C)C"
"10035",0.0484171322160149,"CCMSLIB00004700049","(2R,3R,4S,5S,6R)-2-[1,7-bis(4-hydroxyphenyl)heptan-3-yloxy]-6-[[(2S,3R,4R)-3,4-dihydroxy-4-(hydroxymethyl)oxolan-2-yl]oxymethyl]oxane-3,4,5-triol","N/A","(2R,3R,4S,5S,6R)-2-[1,7-bis(4-hydroxyphenyl)heptan-3-yloxy]-6-[[(2S,3R,4R)-3,4-dihydroxy-4-(hydroxymethyl)oxolan-2-yl]oxymethyl]oxane-3,4,5-triol","N/A"
"10038",0.0204841713221601,"CCMSLIB00005775931","Massbank:AU202506 Atenolol acid|Metoprolol acid|2-[4-[2-hydroxy-3-(propan-2-ylamino)propoxy]phenyl]acetic acid","56392-14-4","Massbank:AU202506 Atenolol acid|Metoprolol acid|2-[4-[2-hydroxy-3-(propan-2-ylamino)propoxy]phenyl]acetic acid","CC(C)NCC(O)COC1=CC=C(CC(O)=O)C=C1"
"10075",0.0893854748603352,"CCMSLIB00010097969","PE(P-18:0/22:6); [M+H]+ C45H79N1O7P1","N/A","PE(P-18:0/22:6); [M+H]+ C45H79N1O7P1","N/A"
"10093",0.0148975791433892,"CCMSLIB00004708032","9-(2,3-dihydroxypropoxy)-9-oxononanoic acid","N/A","9-(2,3-dihydroxypropoxy)-9-oxononanoic acid","N/A"
"10098",0.0391061452513966,"CCMSLIB00004714839","(2S,3R,4S,5S,6R)-2-[4-(3-hydroxybutyl)phenoxy]-6-(hydroxymethyl)oxane-3,4,5-triol","N/A","(2S,3R,4S,5S,6R)-2-[4-(3-hydroxybutyl)phenoxy]-6-(hydroxymethyl)oxane-3,4,5-triol","N/A"
"10377",0.00558659217877095,"CCMSLIB00005776160","Massbank:AU238303 Sotalol|N-[4-[1-hydroxy-2-(propan-2-ylamino)ethyl]phenyl]methanesulfonamide","959-24-0","Massbank:AU238303 Sotalol|N-[4-[1-hydroxy-2-(propan-2-ylamino)ethyl]phenyl]methanesulfonamide","CC(C)NCC(O)C1=CC=C(NS(C)(=O)=O)C=C1"
"10380",0.0782122905027933,"CCMSLIB00003138983","Spectral Match to 4-Hydroxynonenal glutathione from NIST14","99927705","Spectral Match to 4-Hydroxynonenal glutathione from NIST14","CCCCCC(C(CC=O)SCC(C(=O)NCC(=O)O)NC(=O)CCC(C(=O)O)N)O"
"10584",0.0577281191806331,"CCMSLIB00004692234","lenticin","N/A","lenticin","N/A"
"10749",0.188081936685289,"CCMSLIB00003136040","Spectral Match to Dodecanedioic acid from NIST14","693232","Spectral Match to Dodecanedioic acid from NIST14","C(CCCCCC(=O)O)CCCCC(=O)O"
"10905",0.0819366852886406,"CCMSLIB00000847309","NCGC00180141-02!2-[[7-hydroxy-1-(4-hydroxy-3,5-dimethoxyphenyl)-3-(hydroxymethyl)-6,8-dimethoxy-1,2,3,4-tetrahydronaphthalen-2-yl]methoxy]-6-(hydroxymethyl)oxane-3,4,5-triol","n/a","NCGC00180141-02!2-[[7-hydroxy-1-(4-hydroxy-3,5-dimethoxyphenyl)-3-(hydroxymethyl)-6,8-dimethoxy-1,2,3,4-tetrahydronaphthalen-2-yl]methoxy]-6-(hydroxymethyl)oxane-3,4,5-triol","COC1=CC(=CC(OC)=C1O)C2C(COC3OC(CO)C(O)C(O)C3O)C(CO)CC4=C2C(OC)=C(O)C(OC)=C4"
"11021",0.0204841713221601,"CCMSLIB00005755108","Massbank:TUE00822 O-desmethylvenlafaxine","N/A","Massbank:TUE00822 O-desmethylvenlafaxine","CN(C)CC(c1ccc(cc1)O)C2(CCCCC2)O"
"11022",0.0707635009310987,"CCMSLIB00005776377","Massbank:AU103303 Ofloxacin|7-fluoro-2-methyl-6-(4-methylpiperazin-1-yl)-10-oxo-4-oxa-1-azatricyclo[7.3.1.05,13]trideca-5(13),6,8,11-tetraene-11-carboxylic acid","82419-36-1","Massbank:AU103303 Ofloxacin|7-fluoro-2-methyl-6-(4-methylpiperazin-1-yl)-10-oxo-4-oxa-1-azatricyclo[7.3.1.05,13]trideca-5(13),6,8,11-tetraene-11-carboxylic acid","CC1COC2=C3N1C=C(C(O)=O)C(=O)C3=CC(F)=C2N1CCN(C)CC1"
"11025",0.0335195530726257,"CCMSLIB00000847588","NCGC00384749-01!2-[[5-(4-hydroxy-3,5-dimethoxyphenyl)-6,7-bis(hydroxymethyl)-1,3-dimethoxy-5,6,7,8-tetrahydronaphthalen-2-yl]oxy]-6-(hydroxymethyl)oxane-3,4,5-triol","n/a","NCGC00384749-01!2-[[5-(4-hydroxy-3,5-dimethoxyphenyl)-6,7-bis(hydroxymethyl)-1,3-dimethoxy-5,6,7,8-tetrahydronaphthalen-2-yl]oxy]-6-(hydroxymethyl)oxane-3,4,5-triol","COC1=CC(=CC(OC)=C1O)C2C(CO)C(CO)CC3=C(OC)C(OC4OC(CO)C(O)C(O)C4O)=C(OC)C=C23"
"11146",0.463687150837989,"CCMSLIB00003137830","Spectral Match to Bis(2-ethylhexyl) phthalate from NIST14","117817","Spectral Match to Bis(2-ethylhexyl) phthalate from NIST14","CCCCC(CC)COC(=O)C1=CC=CC=C1C(=O)OCC(CC)CCCC"
"11300",0.0074487895716946,"CCMSLIB00003137123","Spectral Match to Val-Phe from NIST14","N/A","Spectral Match to Val-Phe from NIST14","CC(C)[C@@H](C(=O)N[C@@H](CC1=CC=CC=C1)C(=O)O)N"
"11400",0.106145251396648,"CCMSLIB00006124688","Glutathione - 40.0 eV","","Glutathione - 40.0 eV","C(CC(=O)N[C@@H](CSSC[C@@H](C(=O)NCC(=O)O)NC(=O)CC[C@@H](C(=O)O)N)C(=O)NCC(=O)O)[C@@H](C(=O)O)N"
"11629",0.0148975791433892,"CCMSLIB00000849466","NCGC00385377-01_C19H32O7_4-(2,6,6-Trimethyl-4-oxo-2-cyclohexen-1-yl)-2-butanyl beta-D-glucopyranoside","n/a","NCGC00385377-01_C19H32O7_4-(2,6,6-Trimethyl-4-oxo-2-cyclohexen-1-yl)-2-butanyl beta-D-glucopyranoside","CC(CCC1\C(=C/C(=O)CC1(C)C)C)O[C@@H]2O[C@H](CO)[C@@H](O)[C@H](O)[C@H]2O"
"11630",0.0260707635009311,"CCMSLIB00000849466","NCGC00385377-01_C19H32O7_4-(2,6,6-Trimethyl-4-oxo-2-cyclohexen-1-yl)-2-butanyl beta-D-glucopyranoside","n/a","NCGC00385377-01_C19H32O7_4-(2,6,6-Trimethyl-4-oxo-2-cyclohexen-1-yl)-2-butanyl beta-D-glucopyranoside","CC(CCC1\C(=C/C(=O)CC1(C)C)C)O[C@@H]2O[C@H](CO)[C@@H](O)[C@H](O)[C@H]2O"
"11636",0.0242085661080074,"CCMSLIB00003138677","Spectral Match to Ile-Thr from NIST14","N/A","Spectral Match to Ile-Thr from NIST14","CCC(C)C(C(=O)NC(C(C)O)C(=O)O)N"
"11876",0.0074487895716946,"CCMSLIB00005773663","Massbank:AU249906 Phenylethylmalonamide|2-Ethyl-2-phenylmalonamide|2-ethyl-2-phenylpropanediamide","7206-76-0","Massbank:AU249906 Phenylethylmalonamide|2-Ethyl-2-phenylmalonamide|2-ethyl-2-phenylpropanediamide","CCC(C(N)=O)(C(N)=O)C1=CC=CC=C1"
"11917",0.0204841713221601,"CCMSLIB00003139972","Spectral Match to Azithromycin from NIST14","83905015","Spectral Match to Azithromycin from NIST14","CC[C@@H]1[C@@]([C@@H]([C@H](N(C[C@@H](C[C@@]([C@@H]([C@H]([C@@H]([C@H](C(=O)O1)C)O[C@H]2C[C@@]([C@H]([C@@H](O2)C)O)(C)OC)C)O[C@H]3[C@@H]([C@H](C[C@H](O3)C)N(C)C)O)(C)O)C)C)C)O)(C)O"
"12178",0.00931098696461825,"CCMSLIB00010011917","prochlorperazine","58-38-8","prochlorperazine","Clc2cc1N(c3c(Sc1cc2)cccc3)CCCN4CCN(C)CC4"
"12194",0.0167597765363128,"CCMSLIB00005774333","Massbank:AU229002 Desacetyldiltiazem|(2S,3S)-5-[2-(dimethylamino)ethyl]-3-hydroxy-2-(4-methoxyphenyl)-2,3-dihydro-1,5-benzothiazepin-4-one","4592-94-3","Massbank:AU229002 Desacetyldiltiazem|(2S,3S)-5-[2-(dimethylamino)ethyl]-3-hydroxy-2-(4-methoxyphenyl)-2,3-dihydro-1,5-benzothiazepin-4-one","CN(C)CCN1c2ccccc2S[C@H]([C@H](C1=O)O)c3ccc(cc3)OC"
"12201",0.0148975791433892,"CCMSLIB00003139757","Spectral Match to Pantothenic acid from NIST14","599542","Spectral Match to Pantothenic acid from NIST14","CC(C)(CO)[C@H](C(=O)NCCC(=O)O)O"
"12273",0.00558659217877095,"CCMSLIB00000854306","NCGC00385106-01_C18H26O10_beta-D-Glucopyranoside, phenylmethyl 6-O-[(2R,3R,4R)-tetrahydro-3,4-dihydroxy-4-(hydroxymethyl)-2-furanyl]-","n/a","NCGC00385106-01_C18H26O10_beta-D-Glucopyranoside, phenylmethyl 6-O-[(2R,3R,4R)-tetrahydro-3,4-dihydroxy-4-(hydroxymethyl)-2-furanyl]-","OC[C@@]1(O)CO[C@@H](OC[C@H]2O[C@@H](OCC3=CC=CC=C3)[C@H](O)[C@@H](O)[C@@H]2O)[C@@H]1O"
"12426",0.00558659217877095,"CCMSLIB00000852541","NCGC00380271-01_C24H40O11_2-Cyclohexen-1-one, 3,5,5-trimethyl-4-[3-[(6-O-beta-D-xylopyranosyl-beta-D-glucopyranosyl)oxy]butyl]-","n/a","NCGC00380271-01_C24H40O11_2-Cyclohexen-1-one, 3,5,5-trimethyl-4-[3-[(6-O-beta-D-xylopyranosyl-beta-D-glucopyranosyl)oxy]butyl]-","CC(CCC1\C(=C/C(=O)CC1(C)C)C)O[C@@H]2O[C@H](CO[C@@H]3OC[C@@H](O)[C@H](O)[C@H]3O)[C@@H](O)[C@H](O)[C@H]2O"
"12649",0.00558659217877095,"CCMSLIB00000210721","Massbank:EA275807 Ephedrine|(1R,2S)-2-(methylamino)-1-phenyl-1-propanol","299-42-3","Massbank:EA275807 Ephedrine|(1R,2S)-2-(methylamino)-1-phenyl-1-propanol","c1([C@H]([C@@H](NC)C)O)ccccc1"
"12955",0.037243947858473,"CCMSLIB00003136114","Spectral Match to .alpha.-L-Glu-L-Tyr from NIST14","3422397","Spectral Match to .alpha.-L-Glu-L-Tyr from NIST14","C1=CC(=CC=C1CC(C(=O)O)NC(=O)C(CCC(=O)O)N)O"
"13437",0.558659217877095,"CCMSLIB00006678145","Lyso PC (22:6)","N/A","Lyso PC (22:6)","N/A"
"13737",0.230912476722533,"CCMSLIB00010011092","GABA-C6:0","N/A","GABA-C6:0","CCCCCC(NCCCC(O)=O)=O"
"13788",0.0111731843575419,"CCMSLIB00003135401","Spectral Match to Nortriptyline from NIST14","72695","Spectral Match to Nortriptyline from NIST14","CNCCC=C1C2=CC=CC=C2CCC3=CC=CC=C31"
"13789",0.00558659217877095,"CCMSLIB00005775830","Massbank:AU150406 Amitriptyline|3-(5,6-dihydrodibenzo[2,1-b:2`,1`-f][7]annulen-11-ylidene)-N,N-dimethylpropan-1-amine","50-48-6","Massbank:AU150406 Amitriptyline|3-(5,6-dihydrodibenzo[2,1-b:2`,1`-f][7]annulen-11-ylidene)-N,N-dimethylpropan-1-amine","CN(C)CCC=C1c2ccccc2CCc3c1cccc3"
"13803",0.0409683426443203,"CCMSLIB00003135060","Spectral Match to 1-Octadecanoyl-2-octadecenoyl-sn-glycero-3-phosphocholine from NIST14","90242345","Spectral Match to 1-Octadecanoyl-2-octadecenoyl-sn-glycero-3-phosphocholine from NIST14","N/A"
"13858",0.0148975791433892,"CCMSLIB00005775435","Massbank:AU266602 Trimethoprim|5-[(3,4,5-trimethoxyphenyl)methyl]pyrimidine-2,4-diamine","738-70-5","Massbank:AU266602 Trimethoprim|5-[(3,4,5-trimethoxyphenyl)methyl]pyrimidine-2,4-diamine","COC1=CC(CC2=C(N)N=C(N)N=C2)=CC(OC)=C1OC"
"13859",0.0148975791433892,"CCMSLIB00005753343","Massbank: Sulfamethoxazole|4-Amino-N-(5-methyl-1,2-oxazol-3-yl)benzene-1-sulfonamide","723-46-6","Massbank: Sulfamethoxazole|4-Amino-N-(5-methyl-1,2-oxazol-3-yl)benzene-1-sulfonamide","CC1=CC(NS(=O)(=O)C2=CC=C(N)C=C2)=NO1"
"13865",0.00931098696461825,"CCMSLIB00005767583","Massbank:NA001254 Galantamine","N/A","Massbank:NA001254 Galantamine","CN1CCC23C=CC(CC2OC4=C(C=CC(=C34)C1)OC)O"
"13947",0.396648044692737,"CCMSLIB00010086534","PE(22:4/0:0); [M+H]+ C27H49N1O7P1","N/A","PE(22:4/0:0); [M+H]+ C27H49N1O7P1","N/A"
"14026",0.0558659217877095,"CCMSLIB00010125209","Vanillylmandelic acid CollisionEnergy:205060","N/A","Vanillylmandelic acid CollisionEnergy:205060","COc1cc(C(O)C(=O)O)ccc1O"
"14066",0.0130353817504655,"CCMSLIB00000578464","MassbankEU:ET030002 CPP_287.1310_14.5|Norchlorcyclizine|1-[(4-chlorophenyl)-phenylmethyl]piperazine","303-26-4","MassbankEU:ET030002 CPP_287.1310_14.5|Norchlorcyclizine|1-[(4-chlorophenyl)-phenylmethyl]piperazine","ClC1=CC=C(C=C1)C(N1CCNCC1)C1=CC=CC=C1"
"14068",0.0074487895716946,"CCMSLIB00000077086","Meclizine hydrochloride","N/A","Meclizine hydrochloride","N/A"
"14283",0.00558659217877095,"CCMSLIB00005762042","Massbank:LU051302 Methadone|6-(dimethylamino)-4,4-diphenylheptan-3-one","76-99-3","Massbank:LU051302 Methadone|6-(dimethylamino)-4,4-diphenylheptan-3-one","CCC(=O)C(CC(C)N(C)C)(C1=CC=CC=C1)C1=CC=CC=C1"
"14472",0.0130353817504655,"CCMSLIB00003139692","Spectral Match to Paroxetine from NIST14","61869087","Spectral Match to Paroxetine from NIST14","C1CNC[C@H]([C@@H]1C2=CC=C(C=C2)F)COC3=CC4=C(C=C3)OCO4"
"14520",0.195530726256983,"CCMSLIB00003138740","Spectral Match to 1-Hexadecanoyl-2-(9Z-octadecenoyl)-sn-glycero-3-phosphocholine from NIST14","26853316","Spectral Match to 1-Hexadecanoyl-2-(9Z-octadecenoyl)-sn-glycero-3-phosphocholine from NIST14","CCCCCCCCCCCCCCCC(=O)OC[C@H](COP(=O)([O-])OCC[N+](C)(C)C)OC(=O)CCCCCCC/C=C\CCCCCCCC"
"14736",0.0074487895716946,"CCMSLIB00005464274","""N,N,N-TRIMETHYLLYSINE""","55528-53-5","""N,N,N-TRIMETHYLLYSINE""","C[N+](C)(C)CCCC[C@H](N)C([O-])=O"
"14884",0.00558659217877095,"CCMSLIB00005774689","Massbank:AU228902 Metoclopramide|4-amino-5-chloro-N-[2-(diethylamino)ethyl]-2-methoxybenzamide","364-62-5","Massbank:AU228902 Metoclopramide|4-amino-5-chloro-N-[2-(diethylamino)ethyl]-2-methoxybenzamide","CCN(CC)CCNC(=O)c1cc(c(cc1OC)N)Cl"
"14920",0.00931098696461825,"CCMSLIB00006679906","DILTIAZEM","N/A","DILTIAZEM","CC(=O)O[C@@H]1[C@H](C2=CC=C(C=C2)OC)SC3=C(C=CC=C3)N(CCN(C)C)C1=O"
"14941",0.0037243947858473,"CCMSLIB00003136835","Spectral Match to Amantadine from NIST14","768945","Spectral Match to Amantadine from NIST14","N/A"
"15099",0.0037243947858473,"CCMSLIB00005772126","Massbank:AU112002 Carbamazepine|benzo[b][1]benzazepine-11-carboxamide","298-46-4","Massbank:AU112002 Carbamazepine|benzo[b][1]benzazepine-11-carboxamide","c1ccc2c(c1)C=Cc3ccccc3N2C(=O)N"
"15109",0.0148975791433892,"CCMSLIB00006124391","Glucose 6-phosphate - 40.0 eV","","Glucose 6-phosphate - 40.0 eV","C([C@H]([C@H]([C@@H]([C@H](C=O)O)O)O)O)OP(=O)([O-])[O-]"
"15143",0.0540037243947858,"CCMSLIB00010082009","PC(22:4/0:0); [M+H]+ C30H55N1O7P1","N/A","PC(22:4/0:0); [M+H]+ C30H55N1O7P1","N/A"
"15304",0.00558659217877095,"CCMSLIB00000853070","NCGC00347403-02_C30H42O12_1,7-Bis(4-hydroxyphenyl)-3-heptanyl 6-O-[(2S,3R,4R)-3,4-dihydroxy-4-(hydroxymethyl)tetrahydro-2-furanyl]-beta-D-glucopyranoside","n/a","NCGC00347403-02_C30H42O12_1,7-Bis(4-hydroxyphenyl)-3-heptanyl 6-O-[(2S,3R,4R)-3,4-dihydroxy-4-(hydroxymethyl)tetrahydro-2-furanyl]-beta-D-glucopyranoside","OC[C@@]1(O)CO[C@H](OC[C@H]2O[C@@H](OC(CCCCC3=CC=C(O)C=C3)CCC4=CC=C(O)C=C4)[C@H](O)[C@@H](O)[C@@H]2O)[C@@H]1O"
"15363",0.0297951582867784,"CCMSLIB00003137830","Spectral Match to Bis(2-ethylhexyl) phthalate from NIST14","117817","Spectral Match to Bis(2-ethylhexyl) phthalate from NIST14","CCCCC(CC)COC(=O)C1=CC=CC=C1C(=O)OCC(CC)CCCC"
"15379",0.0037243947858473,"CCMSLIB00003137830","Spectral Match to Bis(2-ethylhexyl) phthalate from NIST14","117817","Spectral Match to Bis(2-ethylhexyl) phthalate from NIST14","CCCCC(CC)COC(=O)C1=CC=CC=C1C(=O)OCC(CC)CCCC"
"15412",0.0037243947858473,"CCMSLIB00000847391","NCGC00385080-01!4-[(E)-3-[(2R,3R,4S,5S,6R)-3-[(2S,3R,4R)-3,4-dihydroxy-4-(hydroxymethyl)oxolan-2-yl]oxy-4,5-dihydroxy-6-(hydroxymethyl)oxan-2-yl]oxybut-1-enyl]-3,5,5-trimethylcyclohex-2-en-1-one","n/a","NCGC00385080-01!4-[(E)-3-[(2R,3R,4S,5S,6R)-3-[(2S,3R,4R)-3,4-dihydroxy-4-(hydroxymethyl)oxolan-2-yl]oxy-4,5-dihydroxy-6-(hydroxymethyl)oxan-2-yl]oxybut-1-enyl]-3,5,5-trimethylcyclohex-2-en-1-one","CC(O[C@@H]1O[C@H](CO)[C@@H](O)[C@H](O)[C@H]1O[C@@H]2OC[C@](O)(CO)[C@H]2O)\C=C\C3C(C)=CC(=O)CC3(C)C"
"15526",0.0279329608938547,"CCMSLIB00005724008","Oxidized Glutathione","27025-41-8","Oxidized Glutathione","C(CC(=O)N[C@@H](CSSC[C@@H](C(=O)NCC(=O)O)NC(=O)CC[C@@H](C(=O)O)N)C(=O)NCC(=O)O)[C@@H](C(=O)O)N"
"15683",0.0037243947858473,"CCMSLIB00000566558","MoNA:680338 Skelaxin (TN)","N/A","MoNA:680338 Skelaxin (TN)","CC1=CC(=CC(=C1)OCC2CNC(=O)O2)C"
